{
  "timestamp": "2025-10-21T16:58:13.438358",
  "success": true,
  "metadata": {
    "solveTime": 0.012495000000000001,
    "constraintsAdded": 218,
    "variablesCreated": 90,
    "optimal": true
  },
  "progress": [
    {
      "timestamp": 0.008534908294677734,
      "objective": 1050.0,
      "bound": 2100.0,
      "solution_count": 1
    },
    {
      "timestamp": 0.009073495864868164,
      "objective": 1300.0,
      "bound": 1300.0,
      "solution_count": 2
    }
  ],
  "solution_summary": {
    "assignments_count": 15,
    "violations_count": 0,
    "variables_count": 90,
    "constraints_count": 218,
    "solve_time": 0.012495000000000001,
    "optimal": true
  }
}