{
  "timestamp": "2025-10-21T14:37:10.936471",
  "success": true,
  "metadata": {
    "solveTime": 0.022602300000000002,
    "constraintsAdded": 217,
    "variablesCreated": 90,
    "optimal": true
  },
  "progress": [
    {
      "timestamp": 0.008664369583129883,
      "objective": 1050.0,
      "bound": 1300.0,
      "solution_count": 1
    },
    {
      "timestamp": 0.008890628814697266,
      "objective": 1150.0,
      "bound": 1300.0,
      "solution_count": 2
    },
    {
      "timestamp": 0.009119987487792969,
      "objective": 1250.0,
      "bound": 1300.0,
      "solution_count": 3
    },
    {
      "timestamp": 0.009514808654785156,
      "objective": 1300.0,
      "bound": 1300.0,
      "solution_count": 4
    }
  ],
  "solution_summary": {
    "assignments_count": 15,
    "violations_count": 0,
    "variables_count": 90,
    "constraints_count": 217,
    "solve_time": 0.022602300000000002,
    "optimal": true
  }
}