{
  "timestamp": "2025-10-21T14:34:06.393151",
  "success": true,
  "metadata": {
    "solveTime": 0.046477700000000004,
    "constraintsAdded": 217,
    "variablesCreated": 90,
    "optimal": true
  },
  "progress": [
    {
      "timestamp": 0.04335761070251465,
      "objective": 1050.0,
      "bound": 2100.0,
      "solution_count": 1
    },
    {
      "timestamp": 0.04459857940673828,
      "objective": 1250.0,
      "bound": 1700.0,
      "solution_count": 2
    },
    {
      "timestamp": 0.04603719711303711,
      "objective": 1300.0,
      "bound": 1300.0,
      "solution_count": 3
    }
  ],
  "solution_summary": {
    "assignments_count": 15,
    "violations_count": 0,
    "variables_count": 90,
    "constraints_count": 217,
    "solve_time": 0.046477700000000004,
    "optimal": true
  }
}