{
  "timestamp": "2025-10-21T14:38:04.517181",
  "success": true,
  "metadata": {
    "solveTime": 0.017061200000000002,
    "constraintsAdded": 217,
    "variablesCreated": 90,
    "optimal": true
  },
  "progress": [
    {
      "timestamp": 0.008075952529907227,
      "objective": 1000.0,
      "bound": 1300.0,
      "solution_count": 1
    },
    {
      "timestamp": 0.008380889892578125,
      "objective": 1200.0,
      "bound": 1300.0,
      "solution_count": 2
    },
    {
      "timestamp": 0.008938789367675781,
      "objective": 1300.0,
      "bound": 1300.0,
      "solution_count": 3
    }
  ],
  "solution_summary": {
    "assignments_count": 15,
    "violations_count": 0,
    "variables_count": 90,
    "constraints_count": 217,
    "solve_time": 0.017061200000000002,
    "optimal": true
  }
}