{
  "timestamp": "2025-10-21T11:03:36.697986",
  "success": true,
  "metadata": {
    "solveTime": 0.025875500000000003,
    "constraintsAdded": 217,
    "variablesCreated": 90,
    "optimal": true
  },
  "progress": [
    {
      "timestamp": 0.008769989013671875,
      "objective": 1050.0,
      "bound": 2000.0,
      "solution_count": 1
    },
    {
      "timestamp": 0.009685516357421875,
      "objective": 1250.0,
      "bound": 1700.0,
      "solution_count": 2
    },
    {
      "timestamp": 0.010709047317504883,
      "objective": 1300.0,
      "bound": 1300.0,
      "solution_count": 3
    }
  ],
  "solution_summary": {
    "assignments_count": 15,
    "violations_count": 0,
    "variables_count": 90,
    "constraints_count": 217,
    "solve_time": 0.025875500000000003,
    "optimal": true
  }
}